<?xml version="1.0" encoding="UTF-8"?>
<project-private xmlns="http://www.netbeans.org/ns/project-private/1">
    <editor-bookmarks xmlns="http://www.netbeans.org/ns/editor-bookmarks/2" lastBookmarkId="0"/>
    <open-files xmlns="http://www.netbeans.org/ns/projectui-open-files/2">
        <group>
            <file>file:/D:/ICT/sem%205/CN/Article_src/jMessenger/src/com/socket/Message.java</file>
            <file>file:/D:/ICT/sem%205/CN/Article_src/jMessenger/src/com/socket/SocketClient.java</file>
            <file>file:/D:/ICT/sem%205/CN/Article_src/jMessenger/src/com/ui/ChatFrame.java</file>
            <file>file:/D:/ICT/sem%205/CN/Article_src/jMessenger/src/com/socket/History.java</file>
        </group>
    </open-files>
</project-private>
